{"cameraMode":{"drawMode":0,"name":"Shaded","section":"Shading Mode"},"sceneLighting":true,"audioPlay":false,"sceneViewState":{"m_AlwaysRefresh":false,"showFog":true,"showSkybox":true,"showFlares":true,"showImageEffects":true,"showParticleSystems":true,"showVisualEffectGraphs":true,"m_FxEnabled":false},"in2DMode":false,"pivot":{"x":2.8979649543762209,"y":0.018684864044189454,"z":-4.156261444091797},"rotation":{"x":0.6884281039237976,"y":0.0028378586284816267,"z":-0.002684192266315222,"w":0.7253310084342957},"size":0.5443958640098572,"orthographic":false}