{"cameraMode":{"drawMode":0,"name":"Shaded","section":"Shading Mode"},"sceneLighting":true,"audioPlay":false,"sceneViewState":{"m_AlwaysRefresh":false,"showFog":true,"showSkybox":true,"showFlares":true,"showImageEffects":true,"showParticleSystems":true,"showVisualEffectGraphs":true,"m_FxEnabled":false},"in2DMode":false,"pivot":{"x":2.32125186920166,"y":0.11926130950450897,"z":-4.243553638458252},"rotation":{"x":0.5107297301292419,"y":0.017302989959716798,"z":-0.01022891141474247,"w":0.8596115708351135},"size":1.1546287536621094,"orthographic":true}