{"cameraMode":{"drawMode":0,"name":"Shaded","section":"Shading Mode"},"sceneLighting":true,"audioPlay":false,"sceneViewState":{"m_AlwaysRefresh":false,"showFog":true,"showSkybox":true,"showFlares":true,"showImageEffects":true,"showParticleSystems":true,"showVisualEffectGraphs":true,"m_FxEnabled":false},"in2DMode":false,"pivot":{"x":2.2846179008483888,"y":-14.196443557739258,"z":5.2460432052612309},"rotation":{"x":-0.46546822786331179,"y":0.04376561567187309,"z":-0.023089256137609483,"w":-0.8836987614631653},"size":9.199488639831543,"orthographic":false}