{"cameraMode":{"drawMode":0,"name":"Shaded","section":"Shading Mode"},"sceneLighting":true,"audioPlay":false,"sceneViewState":{"m_AlwaysRefresh":false,"showFog":true,"showSkybox":true,"showFlares":true,"showImageEffects":true,"showParticleSystems":true,"showVisualEffectGraphs":true,"m_FxEnabled":false},"in2DMode":false,"pivot":{"x":3.089322805404663,"y":0.260015606880188,"z":-4.1942853927612309},"rotation":{"x":0.28575825691223147,"y":0.17924802005290986,"z":-0.05350936949253082,"w":0.9401682615280151},"size":0.6241337656974793,"orthographic":true}