{"cameraMode":{"drawMode":0,"name":"Shaded","section":"Shading Mode"},"sceneLighting":true,"audioPlay":false,"sceneViewState":{"m_AlwaysRefresh":false,"showFog":true,"showSkybox":true,"showFlares":true,"showImageEffects":true,"showParticleSystems":true,"showVisualEffectGraphs":true,"m_FxEnabled":false},"in2DMode":false,"pivot":{"x":3.193828582763672,"y":0.05935600399971008,"z":-4.047468185424805},"rotation":{"x":0.3605552613735199,"y":0.24233202636241914,"z":-0.09757545590400696,"w":0.8954344391822815},"size":0.997056782245636,"orthographic":true}