{"cameraMode":{"drawMode":0,"name":"Shaded","section":"Shading Mode"},"sceneLighting":true,"audioPlay":false,"sceneViewState":{"m_AlwaysRefresh":false,"showFog":true,"showSkybox":true,"showFlares":true,"showImageEffects":true,"showParticleSystems":true,"showVisualEffectGraphs":true,"m_FxEnabled":false},"in2DMode":false,"pivot":{"x":1.8674259185791016,"y":0.057266414165496829,"z":-4.093673229217529},"rotation":{"x":0.5606990456581116,"y":0.000010222696801065467,"z":0.000037171052099438384,"w":0.8280734419822693},"size":1.7836982011795045,"orthographic":false}