{"cameraMode":{"drawMode":0,"name":"Shaded","section":"Shading Mode"},"sceneLighting":true,"audioPlay":false,"sceneViewState":{"m_AlwaysRefresh":false,"showFog":true,"showSkybox":true,"showFlares":true,"showImageEffects":true,"showParticleSystems":true,"showVisualEffectGraphs":true,"m_FxEnabled":false},"in2DMode":false,"pivot":{"x":0.24026769399642945,"y":-2.2151756286621095,"z":-0.7569053173065186},"rotation":{"x":-0.5348321199417114,"y":0.0017722228076308966,"z":-0.0011219539446756244,"w":-0.8449559211730957},"size":5.372583389282227,"orthographic":false}