{"cameraMode":{"drawMode":0,"name":"Shaded","section":"Shading Mode"},"sceneLighting":true,"audioPlay":false,"sceneViewState":{"m_AlwaysRefresh":false,"showFog":true,"showSkybox":true,"showFlares":true,"showImageEffects":true,"showParticleSystems":true,"showVisualEffectGraphs":true,"m_FxEnabled":false},"in2DMode":false,"pivot":{"x":3.0810000896453859,"y":0.4000000059604645,"z":-4.517000198364258},"rotation":{"x":0.13036595284938813,"y":0.25841230154037478,"z":-0.03476548567414284,"w":0.9568504095077515},"size":1.6920973062515259,"orthographic":true}