{"cameraMode":{"drawMode":0,"name":"Shaded","section":"Shading Mode"},"sceneLighting":true,"audioPlay":false,"sceneViewState":{"m_AlwaysRefresh":false,"showFog":true,"showSkybox":true,"showFlares":true,"showImageEffects":true,"showParticleSystems":true,"showVisualEffectGraphs":true,"m_FxEnabled":false},"in2DMode":false,"pivot":{"x":-0.8961520195007324,"y":1.532625436782837,"z":-3.856682300567627},"rotation":{"x":0.21264293789863587,"y":-0.04459119215607643,"z":0.01085555087774992,"w":0.9763479232788086},"size":2.8401734828948976,"orthographic":true}