{"cameraMode":{"drawMode":0,"name":"Shaded","section":"Shading Mode"},"sceneLighting":true,"audioPlay":false,"sceneViewState":{"m_AlwaysRefresh":false,"showFog":true,"showSkybox":true,"showFlares":true,"showImageEffects":true,"showParticleSystems":true,"showVisualEffectGraphs":true,"m_FxEnabled":false},"in2DMode":false,"pivot":{"x":3.2428395748138429,"y":-7.7243266105651859,"z":2.400027275085449},"rotation":{"x":0.41020455956459048,"y":-0.012308407574892044,"z":0.0055761998519301418,"w":0.9119428396224976},"size":6.592491626739502,"orthographic":false}