{"cameraMode":{"drawMode":0,"name":"Shaded","section":"Shading Mode"},"sceneLighting":true,"audioPlay":false,"sceneViewState":{"m_AlwaysRefresh":false,"showFog":true,"showSkybox":true,"showFlares":true,"showImageEffects":true,"showParticleSystems":true,"showVisualEffectGraphs":true,"m_FxEnabled":false},"in2DMode":false,"pivot":{"x":2.1093621253967287,"y":0.2165229320526123,"z":-3.7864232063293459},"rotation":{"x":0.7130416631698608,"y":-0.0014624352334067226,"z":0.001498950645327568,"w":0.7011570334434509},"size":2.367274522781372,"orthographic":false}