{"cameraMode":{"drawMode":0,"name":"Shaded","section":"Shading Mode"},"sceneLighting":true,"audioPlay":false,"sceneViewState":{"m_AlwaysRefresh":false,"showFog":true,"showSkybox":true,"showFlares":true,"showImageEffects":true,"showParticleSystems":true,"showVisualEffectGraphs":true,"m_FxEnabled":false},"in2DMode":false,"pivot":{"x":3.0024514198303224,"y":0.06863357126712799,"z":-4.337348937988281},"rotation":{"x":0.3695032000541687,"y":0.02564948797225952,"z":-0.010183844715356827,"w":0.9288961887359619},"size":1.0281569957733155,"orthographic":true}