{"cameraMode":{"drawMode":0,"name":"Shaded","section":"Shading Mode"},"sceneLighting":false,"audioPlay":false,"sceneViewState":{"m_AlwaysRefresh":false,"showFog":true,"showSkybox":false,"showFlares":true,"showImageEffects":true,"showParticleSystems":true,"showVisualEffectGraphs":true,"m_FxEnabled":false},"in2DMode":false,"pivot":{"x":3.10119366645813,"y":-0.09351469576358795,"z":-4.233303070068359},"rotation":{"x":0.38362956047058108,"y":-0.14675535261631013,"z":0.061797842383384708,"w":0.9098827838897705},"size":0.4260839819908142,"orthographic":true}