{"cameraMode":{"drawMode":0,"name":"Shaded","section":"Shading Mode"},"sceneLighting":false,"audioPlay":false,"sceneViewState":{"m_AlwaysRefresh":false,"showFog":true,"showSkybox":false,"showFlares":true,"showImageEffects":true,"showParticleSystems":true,"showVisualEffectGraphs":true,"m_FxEnabled":true},"in2DMode":false,"pivot":{"x":-0.0731489434838295,"y":0.05316578596830368,"z":0.06053740158677101},"rotation":{"x":-0.027380524203181268,"y":-0.9696851372718811,"z":0.20698301494121552,"w":-0.1278684288263321},"size":0.12623026967048646,"orthographic":false}