{"cameraMode":{"drawMode":0,"name":"Shaded","section":"Shading Mode"},"sceneLighting":false,"audioPlay":false,"sceneViewState":{"m_AlwaysRefresh":false,"showFog":true,"showSkybox":false,"showFlares":true,"showImageEffects":true,"showParticleSystems":true,"showVisualEffectGraphs":true,"m_FxEnabled":false},"in2DMode":false,"pivot":{"x":5.900273323059082,"y":0.13809430599212647,"z":0.11796476691961289},"rotation":{"x":0.0301580298691988,"y":-0.9698978066444397,"z":0.1672063171863556,"w":0.17562146484851838},"size":0.19957445561885835,"orthographic":true}