{"cameraMode":{"drawMode":0,"name":"Shaded","section":"Shading Mode"},"sceneLighting":false,"audioPlay":false,"sceneViewState":{"m_AlwaysRefresh":false,"showFog":true,"showSkybox":false,"showFlares":true,"showImageEffects":true,"showParticleSystems":true,"showVisualEffectGraphs":true,"m_FxEnabled":false},"in2DMode":false,"pivot":{"x":6.379639625549316,"y":0.09704083949327469,"z":0.6593299508094788},"rotation":{"x":0.0301580298691988,"y":-0.9698978066444397,"z":0.1672063171863556,"w":0.17562146484851838},"size":0.16630001366138459,"orthographic":true}