{"cameraMode":{"drawMode":0,"name":"Shaded","section":"Shading Mode"},"sceneLighting":false,"audioPlay":false,"sceneViewState":{"m_AlwaysRefresh":false,"showFog":true,"showSkybox":false,"showFlares":true,"showImageEffects":true,"showParticleSystems":true,"showVisualEffectGraphs":true,"m_FxEnabled":false},"in2DMode":false,"pivot":{"x":1.2669999599456788,"y":0.18634510040283204,"z":1.0570000410079957},"rotation":{"x":-0.36016714572906496,"y":0.6105219125747681,"z":-0.36483806371688845,"w":-0.6039350032806397},"size":0.416166752576828,"orthographic":true}