{"cameraMode":{"drawMode":0,"name":"Shaded","section":"Shading Mode"},"sceneLighting":false,"audioPlay":false,"sceneViewState":{"m_AlwaysRefresh":false,"showFog":true,"showSkybox":false,"showFlares":true,"showImageEffects":true,"showParticleSystems":true,"showVisualEffectGraphs":true,"m_FxEnabled":false},"in2DMode":false,"pivot":{"x":0.8777233362197876,"y":0.017194196581840516,"z":1.0595707893371583},"rotation":{"x":-0.10938994586467743,"y":0.8880825042724609,"z":-0.3478557765483856,"w":-0.2804325222969055},"size":1.3997679948806763,"orthographic":true}