{"cameraMode":{"drawMode":0,"name":"Shaded","section":"Shading Mode"},"sceneLighting":false,"audioPlay":false,"sceneViewState":{"m_AlwaysRefresh":false,"showFog":true,"showSkybox":false,"showFlares":true,"showImageEffects":true,"showParticleSystems":true,"showVisualEffectGraphs":true,"m_FxEnabled":false},"in2DMode":false,"pivot":{"x":1.2669999599456788,"y":0.18634510040283204,"z":1.0570000410079957},"rotation":{"x":-0.31293821334838869,"y":0.6194945573806763,"z":-0.29592660069465639,"w":-0.6565209031105042},"size":1.1278092861175538,"orthographic":true}